家庭教育, 首都师范大学出版社; 第1版 (2012年3月1日), B008Z8VR4C,培养成功孩子40招:亲子双赢无极限 , 北京宏章出版传媒股份有限公司, Kindle版,"
        ￥ 5.99
      ",1,2013-07-26-14-58-05
家庭教育, 作家出版社; 第1版 (2009年1月1日), B008CM3SUW,好妈妈胜过好老师 , 北京中作华文数字传媒股份有限公司, Kindle版,"
        ￥ 5.00
      ",2,2013-07-26-14-58-08
家庭教育, 童趣出版有限公司; 第1版 (2012年5月6日),B009P4NSA6,佩蓉的妈妈经(母亲自我成长必读胜经) (生命树父母学院) , 童趣出版有限公司, Kindle版,"
        ￥ 16.84
      ",3,2013-07-26-14-58-08
家庭教育, 新世界出版社; 第1版 (2011年8月1日),B0080D8QD2,爱立方系列:Wow!原来日本妈妈这样教孩子 (爱心妈妈专业书架) , 读品联合, Kindle版,"
        ￥ 1.00
      ",4,2013-07-26-14-58-08
家庭教育, 新世界出版社; 第1版 (2011年12月1日),B0099MVCY8,如何说孩子才会听|怎么听孩子才肯说大全集(超值金版) (家庭珍藏经典畅销书系：超值金版) , 北京兴盛乐书刊发行有限责任公司, Kindle版,"
        ￥ 1.99
      ",5,2013-07-26-14-58-08
家庭教育, 北方妇女儿童出版社; 第1版 (2011年6月1日),B008HKBSP6,别以为你懂孩子的心 , 北京磨铁图书有限公司, Kindle版,"
        ￥ 2.98
      ",6,2013-07-26-14-58-08
家庭教育, 广西科学技术出版社; 第1版 (2009年9月1日),B008CM3XVG,谁了解孩子成长的秘密:关键期关键帮助 , 北京阳光秀美图书有限责任公司, Kindle版,"
        ￥ 2.80
      ",7,2013-07-26-14-58-08
家庭教育, 印刷工业出版社; 第1版 (2012年6月1日),B00BQ8311K,哈佛家训 (心灵咖啡第二辑) , 北京日知图书有限公司, Kindle版,"
        ￥ 0.99
      ",8,2013-07-26-14-58-08
家庭教育, 中国华侨出版社; 第1版 (2010年5月1日),B00BPODNNG,洛克菲勒给子女的一生忠告 , 天悦盛典, Kindle版,"
        ￥ 6.75
      ",9,2013-07-26-14-58-08
家庭教育, 中国画报出版社; 第1版 (2010年5月1日),B0089LO3ZK,世上没有懒孩子:让孩子主动学习的101个策略 , 中国画报出版社, Kindle版,"
        ￥ 2.68
      ",10,2013-07-26-14-58-08
家庭教育, 北京工业大学出版社; 第1版 (2010年3月1日),B0088FUBYO,读懂孩子的心:幼儿常见问题心理解析(育儿宝典2-6岁) , 北京代代读图书有限公司, Kindle版,"
        ￥ 2.80
      ",11,2013-07-26-14-58-08
家庭教育, 北京联合出版公司; 1 (2012年12月1日),B00BCTB7O6,让孩子心悦诚服 , 北京磨铁数盟, Kindle版,"
        ￥ 3.99
      ",12,2013-07-26-14-58-08
家庭教育, 北方联合出版传媒（集团）股份有限公司，万卷出版公司; 第1版 (2010年9月1日),B008H0AIKC,教出乐观的孩子:让孩子受用一生的幸福经典 (湛庐文化•心视界) , 湛庐文化, Kindle版,"
        ￥ 29.92
      ",13,2013-07-26-14-58-08
家庭教育, 广西科学技术出版社; 第1版 (2011年4月1日),B008QM32L8,善解童贞2:6-13岁孩子的性发展与性教育 (善解童贞系列) , 北京阳光秀美图书有限责任公司, Kindle版,"
        ￥ 13.00
      ",14,2013-07-26-14-58-08
家庭教育, 广西科学技术出版社; 第1版 (2011年10月1日),B008CM3XHK,"孩子学钢琴,父母先上课 (亲子家教图书) ", 北京阳光秀美图书有限责任公司, Kindle版,"
        ￥ 6.99
      ",15,2013-07-26-14-58-08
家庭教育, 南方出版社; 第1版 (2012年5月1日), B008HKG4LY,"子女心,父母情:百万父母喜爱的教养经典 ", 找到啦环球文化发展（北京）有限公司, Kindle版,"
        ￥ 14.54
      ",16,2013-07-26-14-58-11
家庭教育, 江西科学技术出版社; 第1版 (2010年12月1日),B008VRUPTK,"三年级,改变孩子一生的关键期 ", 百花洲文艺出版社, Kindle版,"
        ￥ 2.60
      ",17,2013-07-26-14-58-11
家庭教育, 华夏出版社; 第1版 (2012年2月1日),B008Z8YHVM,男孩怎么养 , 北京华夏盛轩图书有限公司, Kindle版,"
        ￥ 2.99
      ",18,2013-07-26-14-58-11
家庭教育, 重庆出版集团; 第1版 (2010年4月1日),B009PG6M4I,教孩子主动学习60招 , 中文在线, Kindle版,"
        ￥ 2.00
      ",19,2013-07-26-14-58-11
家庭教育, 中国纺织出版社; 第1版 (2011年4月1日),B007SKEPXI,斯波克教子宝典 (之宝贝书系100) , 北京中山响沙图书发行中心, Kindle版,"
        ￥ 1.00
      ",20,2013-07-26-14-58-11
家庭教育, 浙江人民出版社; 第1版 (2013年6月1日),B00DU4FPC6,教出乐观的孩子:让孩子受用一生的幸福经典(经典版) , 湛庐文化, Kindle版,"
        ￥ 30.39
      ",21,2013-07-26-14-58-11
家庭教育, 新世界出版社; 第1版 (2011年8月1日),B0089LO8K0,爱立方系列:Wow!原来德国妈妈这样教孩子 (爱心妈妈专业书架) , 读品联合, Kindle版,"
        ￥ 1.00
      ",22,2013-07-26-14-58-11
家庭教育, 广西科学技术出版社; 第1版 (2008年6月1日),B008QM33QM,谁拿走了孩子的幸福 (李跃儿教育感悟丛书) , 北京阳光秀美图书有限责任公司, Kindle版,"
        ￥ 15.47
      ",23,2013-07-26-14-58-11
家庭教育, 中信出版社 , B00COIF65U,让大自然帮你带孩子：笨妈快乐玩教养（精编图文版） , 中信出版社, Kindle版,"
        ￥ 2.90
      ",24,2013-07-26-14-58-14
家庭教育, 新世界出版社; 第1版 (2011年8月1日),B0089LO8LO,爱立方系列:Wow!原来美国妈妈这样教孩子 (爱心妈妈专业书架) , 读品联合, Kindle版,"
        ￥ 1.00
      ",25,2013-07-26-14-58-14
家庭教育, 北京联合出版公司; 第1版 (2011年9月1日),B007KDQV6M,美满的亲子关系 , 北京时代光华图书有限公司, Kindle版,"
        ￥ 3.49
      ",26,2013-07-26-14-58-14
家庭教育, 首都师范大学出版社; 第1版 (2012年3月1日), B008Z8VON6,3-6岁儿童学习与发展父母大讲堂:健康与身体动作 , 北京宏章出版传媒股份有限公司, Kindle版,"
        ￥ 7.99
      ",27,2013-07-26-14-58-18
家庭教育, 辽宁教育出版社; 第1版 (2011年3月1日),B008HKBN1A,快教孩子学理财 , 北京磨铁图书有限公司, Kindle版,"
        ￥ 2.00
      ",28,2013-07-26-14-58-18
家庭教育, 浙江人民出版社; 第1版 (2012年11月1日), B00AHTG2TM,赖克林儿童情绪手册 (湛庐文化•心视界) , 湛庐文化, Kindle版,"
        ￥ 28.73
      ",29,2013-07-26-14-58-22
家庭教育, 中国人口出版社; 第1版 (2009年8月1日),B0085SDQEG,卡尔威特的教育智慧 (畅销全球的教育经典) , 北京中山响沙图书发行中心, Kindle版,"
        ￥ 1.99
      ",30,2013-07-26-14-58-22
家庭教育, 新世界出版社; 第1版 (2011年7月1日),B0080D8P9C,爱立方:Wow!原来犹太妈妈这样教孩子 , 读品联合, Kindle版,"
        ￥ 1.00
      ",31,2013-07-26-14-58-22
家庭教育, 首都师范大学出版社; 第1版 (2012年3月1日),B008Z8VOQ8,3-6岁儿童学习与发展父母大讲堂:社会性与情感 , 北京宏章出版传媒股份有限公司, Kindle版,"
        ￥ 7.99
      ",32,2013-07-26-14-58-22
家庭教育, 群言出版社; 第1版 ,B00AE3ZJ86,"孩子,你要懂得保护自己(校园安全手册) ", 北京新华先锋文化传媒有限公司, Kindle版,"
        ￥ 2.50
      ",33,2013-07-26-14-58-22
家庭教育, 哈尔滨出版社; 第1版 (2012年3月1日),B00AE3ZANA,"12-18岁叛逆期,妈妈要懂的心理学 ", 北京先知先行图书发行有限公司, Kindle版,"
        ￥ 8.99
      ",34,2013-07-26-14-58-22
家庭教育, 辽宁人民出版社; 第1版 (2011年5月1日),B009P4O7UG,3-6岁妈妈不可不知的育儿心理学 , 杭州蓝狮子文化创意有限公司, Kindle版,"
        ￥ 2.50
      ",35,2013-07-26-14-58-22
家庭教育, 吉林科学技术出版社; 第1版 (2009年1月1日),B008HKCNR8,孤独症的快乐疗法 , 吉林科学技术出版社书刊发行部, Kindle版,"
        ￥ 2.00
      ",36,2013-07-26-14-58-22
家庭教育, 首都师范大学出版社; 第1版 (2012年3月1日),B008Z8VRC4,3-6岁儿童学习与发展父母大讲堂:学习品质 , 北京宏章出版传媒股份有限公司, Kindle版,"
        ￥ 7.99
      ",37,2013-07-26-14-58-22
家庭教育, 首都师范大学出版社; 第1版 (2012年3月1日),B008Z8VQ2U,3-6岁儿童学习与发展父母大讲堂:认知 , 北京宏章出版传媒股份有限公司, Kindle版,"
        ￥ 7.99
      ",38,2013-07-26-14-58-22
家庭教育, 广西科学技术出版社; 第1版 (2011年7月1日),B008CM413U,善解童贞1:0-6岁孩子的性发展与性关怀 , 北京阳光秀美图书有限责任公司, Kindle版,"
        ￥ 10.99
      ",39,2013-07-26-14-58-22
家庭教育, 首都师范大学出版社; 第1版 (2012年3月1日), B008Z8VOSQ,3-6岁儿童学习与发展父母大讲堂:美感与表现 , 北京宏章出版传媒股份有限公司, Kindle版,"
        ￥ 7.99
      ",40,2013-07-26-14-58-28
家庭教育, 浙江人民出版社; 第1版 (2013年4月1日),B00C1UKIT0,童年，人生幸福之源：培养乐观的方法 , 湛庐文化, Kindle版,"
        ￥ 25.42
      ",41,2013-07-26-14-58-28
家庭教育, 朝华出版社; 第1版 (2006年11月1日), B009PG984E,0-6岁敏感期，决定孩子一生的关键 , 中文在线, Kindle版,"
        ￥ 2.98
      ",42,2013-07-26-14-58-33
家庭教育, 中国妇女出版社; 第1版 (2009年1月1日), B0087WQNIG,你的孩子一定有自己的强项 (之宝贝书系23) , 北京中山响沙图书发行中心, Kindle版,"
        ￥ 1.99
      ",43,2013-07-26-14-58-38
家庭教育, 广西科学技术出版社; 第1版 (2009年5月1日),B008QM34HA,接纳孩子 , 北京阳光秀美图书有限责任公司, Kindle版,"
        ￥ 9.99
      ",44,2013-07-26-14-58-38
家庭教育, 武汉出版社; 第1版 (2011年4月1日), B00AE3ZCJ2,好妈妈培养完美女孩的100个细节 , 北京先知先行图书发行有限公司, Kindle版,"
        ￥ 2.99
      ",45,2013-07-26-14-58-48
家庭教育, 广西科学技术出版社; 第1版 (2012年3月1日),B008HKCTK4,幼儿园那些事儿 , 北京阳光秀美图书有限责任公司, Kindle版,"
        ￥ 11.99
      ",46,2013-07-26-14-58-48
家庭教育, 凤凰出版传媒集团，江苏文艺出版社; 第1版 (2010年2月1日),B008QM1O86,培养精英 , 中南博集天卷文化传媒有限公司, Kindle版,"
        ￥ 6.00
      ",47,2013-07-26-14-58-48
家庭教育, 中国商业出版社; 第1版 (2013年4月1日),B00COZDNYO,卡尔·威特的教育全书 , 北京华阅时代文化发展有限公司, Kindle版,"
        ￥ 9.04
      ",48,2013-07-26-14-58-48
家庭教育, 科学技术文献出版社; 第1版 (2012年1月1日),B0085SH95I,蒙台梭利育儿经(专家指导版) , 日知, Kindle版,"
        ￥ 1.90
      ",49,2013-07-26-14-58-48
家庭教育, 华东师范大学出版社; 第1版 (2006年5月1日),B007BVCH84,家庭教育 (大夏书系) , 华东师范大学出版社有限公司, Kindle版,"
        ￥ 1.98
      ",50,2013-07-26-14-58-48
家庭教育, 北京理工大学出版社; 第1版 (2011年1月1日), B008TNDWQY,年轻人一定要懂得的说话艺术和处世哲学 (8090人生哲理系列) , 亿部文化, Kindle版,"
        ￥ 2.30
      ",51,2013-07-26-14-58-54
家庭教育, 首都师范大学出版社; 第1版 (2012年3月1日), B008Z8VQEI,3-6岁儿童学习与发展父母大讲堂:语言与交流 , 北京宏章出版传媒股份有限公司, Kindle版,"
        ￥ 7.99
      ",52,2013-07-26-14-58-58
家庭教育, 群言出版社; 第1版 (2006年7月1日),B00849G5T4,卡尔•威特的教育 , 北京东方神鸟图书发行有限公司, Kindle版,"
        ￥ 5.99
      ",53,2013-07-26-14-58-58
家庭教育, 广东省出版集团，广东科技出版社; 第1版 (2010年7月1日),B008HKB2H0,怎样成为好父母1:戒掉爱中的伤害 (马宁心灵健康书系) , 广东出版集团数字出版公司, Kindle版,"
        ￥ 3.00
      ",54,2013-07-26-14-58-58
家庭教育, 企业管理出版社; 第1版 (2008年10月1日), B0099N4A78,犹太富翁的教子课 , 北京兴盛乐书刊发行有限责任公司, Kindle版,"
        ￥ 2.98
      ",55,2013-07-26-14-59-03
家庭教育, 首都师